game_state,outs_0,outs_1,outs_2
000,0.502898551,0.235821518,0.086588586
001,1.28807947,0.87258348,0.31626188
010,1.08912037,0.563649391,0.27308984
011,1.809399478,1.252669039,0.538912134
100,0.841924745,0.404455474,0.16458387
101,1.644572526,1.118698442,0.482120051
110,1.364883033,0.859842261,0.394301338
111,2.305022831,1.543040685,0.758564437
